,Ambiance Experience,Timing and Pacing,Food Quality Satisfaction,Value for Money Perception,Inconsistent Reviewer Experience,Menu Variety Diversity,Ingredient Flavour Profile,Service Efficiency,Value Perception Based on Pricing vs Portion Size,Flavor Diversity,Pricing Transparency,Service Speed and Wait Time,Menu Pricing Perception,Value Perception Based on Portion Size,Price-to-Portion Ratio,Atmosphere Sensory Appeal,Dish Satisfaction Level,Price Perception Discrepancy
Ambiance Experience,1.0,0.1837415475178496,0.338626529020065,0.34907881639269733,0.4876187048296777,0.16224222023680268,0.13960665644378803,0.3605258789704536,0.2607688372159609,0.17621741900144572,0.06195674292900556,0.017285115961537097,0.03833945644705998,0.07520942702977128,0.15266761584936095,0.4727189767960181,0.37188376609989443,0.35305974149977964
Timing and Pacing,0.1837415475178496,1.0,0.1963314796470836,0.361542075803943,0.43699118399120795,0.1523627504649127,0.068526528271345,0.5725043775337773,0.23812210477659754,-0.044780497581921506,0.020947120121272346,0.386304480215503,0.06146567723279526,0.05065186652442515,0.25301968072578035,0.19800034905652608,0.36639444853803393,0.2335780309035974
Food Quality Satisfaction,0.338626529020065,0.1963314796470836,1.0,0.520694348762553,0.5987352177733158,0.3590986380833054,0.5604058190138953,0.4254077062910868,0.40215377093584886,0.3632354107128007,0.07727149220083639,0.04581366628912731,0.1373829383261113,0.056239045364634914,0.3047614262759888,0.3794299578181028,0.6352130158054868,0.3327544398754135
Value for Money Perception,0.34907881639269733,0.361542075803943,0.520694348762553,1.0,0.5569023709264105,0.33807815828906845,0.37557020045876294,0.4505209879905809,0.5625444436844915,0.2672113704503231,0.21223632576285187,0.2403712028528186,0.2820393383772628,0.20599513889690307,0.47727819704094776,0.3199855474831758,0.40719501246791157,0.44480171622794246
Inconsistent Reviewer Experience,0.4876187048296777,0.43699118399120795,0.5987352177733158,0.5569023709264105,1.0,0.3148404202520202,0.37024247133466764,0.5127889261767886,0.42312777533462054,0.18413514411871112,0.1255673834787724,0.12141058670934819,0.1601788064392857,0.12058027538636927,0.28445427833572234,0.45248233685140526,0.6102368435101297,0.4074877564324433
Menu Variety Diversity,0.16224222023680268,0.1523627504649127,0.3590986380833054,0.33807815828906845,0.3148404202520202,1.0,0.39524611819958605,0.23398916147224064,0.29712248650853557,0.26985125597770443,0.08963375414413077,0.0923362708250938,0.1565203362292721,0.19279485366172275,0.28770531637385655,0.27279867222393306,0.39858703970596043,0.1868438293173592
Ingredient Flavour Profile,0.13960665644378803,0.068526528271345,0.5604058190138953,0.37557020045876294,0.37024247133466764,0.39524611819958605,1.0,0.2103699902600293,0.39913299647765654,0.40205713967102924,0.20488836208587588,-0.024456318692059914,0.18238631696133514,0.17155164707720771,0.2984421999369639,0.3089326964692024,0.4495039241743007,0.17829330692845627
Service Efficiency,0.3605258789704536,0.5725043775337773,0.4254077062910868,0.4505209879905809,0.5127889261767886,0.23398916147224064,0.2103699902600293,1.0,0.3010777940559864,0.09007987148283478,0.10765931690778577,0.3016076972597196,0.14298637324242994,0.06916800612705222,0.3303979951196162,0.3519423236843635,0.5495001551382085,0.35224399480405577
Value Perception Based on Pricing vs Portion Size,0.2607688372159609,0.23812210477659754,0.40215377093584886,0.5625444436844915,0.42312777533462054,0.29712248650853557,0.39913299647765654,0.3010777940559864,1.0,0.264356031230882,0.3064291187007645,0.1778453439059304,0.48566986397169376,0.12868506332175564,0.5199844959466222,0.3039024401482136,0.3831142496615265,0.3985519955670683
Flavor Diversity,0.17621741900144572,-0.044780497581921506,0.3632354107128007,0.2672113704503231,0.18413514411871112,0.26985125597770443,0.40205713967102924,0.09007987148283478,0.264356031230882,1.0,0.0874281574839893,-0.07397758831289611,0.14607860071421197,0.0805054061916994,0.3212388587255852,0.23029318662147158,0.22423465979031457,0.1762981929672189
Pricing Transparency,0.06195674292900556,0.020947120121272346,0.07727149220083639,0.21223632576285187,0.1255673834787724,0.08963375414413077,0.20488836208587588,0.10765931690778577,0.3064291187007645,0.0874281574839893,1.0,0.030469448457920725,0.5462366701122959,0.30103659803138694,0.24044095645070765,0.03658059255934537,0.11113069852773584,0.28678707301551937
Service Speed and Wait Time,0.017285115961537097,0.386304480215503,0.04581366628912731,0.2403712028528186,0.12141058670934819,0.0923362708250938,-0.024456318692059914,0.3016076972597196,0.1778453439059304,-0.07397758831289611,0.030469448457920725,1.0,0.12159752236959213,0.034375913052150486,0.09673031513554901,0.07800586000382444,0.08766392531615227,0.12290521913564094
Menu Pricing Perception,0.03833945644705998,0.06146567723279526,0.1373829383261113,0.2820393383772628,0.1601788064392857,0.1565203362292721,0.18238631696133514,0.14298637324242994,0.48566986397169376,0.14607860071421197,0.5462366701122959,0.12159752236959213,1.0,0.2919522096275207,0.40074358143917693,0.04779842019170231,0.054170794066180215,0.204410897205893
Value Perception Based on Portion Size,0.07520942702977128,0.05065186652442515,0.056239045364634914,0.20599513889690307,0.12058027538636927,0.19279485366172275,0.17155164707720771,0.06916800612705222,0.12868506332175564,0.0805054061916994,0.30103659803138694,0.034375913052150486,0.2919522096275207,1.0,0.3150815797342472,0.15332690441376884,0.08197287025953652,0.036034541622188464
Price-to-Portion Ratio,0.15266761584936095,0.25301968072578035,0.3047614262759888,0.47727819704094776,0.28445427833572234,0.28770531637385655,0.2984421999369639,0.3303979951196162,0.5199844959466222,0.3212388587255852,0.24044095645070765,0.09673031513554901,0.40074358143917693,0.3150815797342472,1.0,0.21021098245706007,0.27475649062826235,0.3060871032916417
Atmosphere Sensory Appeal,0.4727189767960181,0.19800034905652608,0.3794299578181028,0.3199855474831758,0.45248233685140526,0.27279867222393306,0.3089326964692024,0.3519423236843635,0.3039024401482136,0.23029318662147158,0.03658059255934537,0.07800586000382444,0.04779842019170231,0.15332690441376884,0.21021098245706007,1.0,0.4398486448823123,0.27951268047540956
Dish Satisfaction Level,0.37188376609989443,0.36639444853803393,0.6352130158054868,0.40719501246791157,0.6102368435101297,0.39858703970596043,0.4495039241743007,0.5495001551382085,0.3831142496615265,0.22423465979031457,0.11113069852773584,0.08766392531615227,0.054170794066180215,0.08197287025953652,0.27475649062826235,0.4398486448823123,1.0,0.32793582309790675
Price Perception Discrepancy,0.35305974149977964,0.2335780309035974,0.3327544398754135,0.44480171622794246,0.4074877564324433,0.1868438293173592,0.17829330692845627,0.35224399480405577,0.3985519955670683,0.1762981929672189,0.28678707301551937,0.12290521913564094,0.204410897205893,0.036034541622188464,0.3060871032916417,0.27951268047540956,0.32793582309790675,1.0
