,0
0,10
1,177
2,54
3,186
4,150
5,131
6,123
7,85
8,67
9,146
10,121
11,99
12,174
13,83
14,124
15,71
16,26
17,71
18,15
19,176
20,3
21,107
22,175
23,100
24,9
25,37
26,49
27,40
28,7
29,50
30,144
31,196
32,127
33,167
34,66
35,130
36,34
37,61
38,87
39,58
40,86
41,124
42,159
43,51
44,163
45,117
46,28
47,178
48,158
49,111
50,197
51,72
52,129
53,57
54,150
55,89
56,159
57,49
58,64
59,178
60,146
61,71
62,27
63,41
64,189
65,58
66,116
67,106
68,157
69,83
70,109
71,125
72,7
73,61
74,93
75,10
76,13
77,53
78,78
79,184
80,129
81,141
82,114
83,141
84,119
85,185
86,172
87,45
88,25
89,5
90,108
91,185
92,32
93,144
94,110
95,96
96,181
97,169
98,184
99,52
100,13
101,31
102,118
103,15
104,95
105,123
106,155
107,186
108,164
109,185
110,133
111,27
112,162
113,23
114,20
115,6
116,186
117,21
118,76
119,27
120,11
121,64
122,65
123,168
124,195
125,54
126,197
127,65
128,34
129,119
130,128
131,46
132,101
133,22
134,40
135,182
136,3
137,153
138,42
139,185
140,95
141,1
142,168
143,186
144,136
145,25
146,84
147,110
148,127
149,122
150,25
151,136
152,60
153,184
154,152
155,19
156,76
157,47
158,20
159,192
160,96
161,19
162,123
163,125
164,105
165,56
166,169
167,85
168,132
169,7
170,11
171,192
172,42
173,59
174,64
175,114
176,76
177,189
178,180
179,53
180,158
181,181
182,0
183,161
184,7
185,1
186,91
187,178
188,35
189,27
190,176
191,161
192,154
193,58
194,75
195,68
196,50
197,156
198,29
199,77
200,18
201,74
202,50
203,170
204,182
205,14
206,1
207,96
208,33
209,75
210,194
211,73
212,137
213,151
214,21
215,94
216,61
217,2
218,80
219,26
220,16
221,25
222,148
223,145
224,33
225,171
226,18
227,114
228,14
229,43
230,79
231,10
232,33
233,123
234,108
235,116
236,195
237,4
238,53
239,74
240,140
241,120
242,69
243,48
244,139
245,152
246,31
247,177
248,144
249,111
250,180
251,74
252,157
253,37
254,86
255,133
256,142
257,42
258,41
259,53
260,56
261,110
262,77
263,86
264,166
265,98
266,84
267,119
268,116
269,20
270,150
271,70
272,55
273,89
274,37
275,197
276,133
277,30
278,72
279,157
280,6
281,141
282,60
283,127
284,137
285,192
286,94
287,30
288,0
289,65
290,171
291,87
292,38
293,29
294,45
295,184
296,9
297,141
298,161
299,29
300,89
301,88
302,40
303,55
304,160
305,160
306,92
307,175
308,98
309,86
310,196
311,68
312,115
313,150
314,140
315,76
316,173
317,160
318,128
319,22
320,32
321,126
322,152
323,147
324,165
325,35
326,116
327,168
328,71
329,4
330,52
331,100
332,44
333,105
334,137
335,53
336,194
337,62
338,136
339,12
340,109
341,3
342,9
343,57
344,119
345,34
346,127
347,174
348,66
349,13
350,27
351,41
352,116
353,148
354,67
355,146
356,4
357,8
358,59
359,136
360,52
361,1
362,144
363,66
364,179
365,154
366,35
367,101
368,143
369,3
370,126
371,175
372,191
373,85
374,125
375,129
376,24
377,159
378,38
379,159
380,109
381,43
382,163
383,13
384,141
385,142
386,104
387,82
388,186
389,124
390,175
391,168
392,189
393,153
394,16
395,95
396,14
397,185
398,97
399,69
400,26
401,19
402,143
403,4
404,5
405,98
406,179
407,15
408,95
409,130
410,114
411,104
412,64
413,68
414,31
415,9
416,104
417,187
418,113
419,41
420,152
421,119
422,45
423,47
424,134
425,50
426,30
427,76
428,6
429,0
430,175
431,117
432,156
433,176
434,143
435,6
436,34
437,59
438,146
439,71
440,91
441,71
442,139
443,48
444,177
445,49
446,170
447,63
448,38
449,163
450,169
451,79
452,126
453,199
454,4
455,163
456,3
457,161
458,191
459,178
460,49
461,169
462,83
463,22
464,44
465,25
466,11
467,71
468,128
469,6
470,35
471,22
472,14
473,150
474,189
475,37
476,81
477,191
478,96
479,144
480,98
481,195
482,75
483,16
484,70
485,79
486,142
487,136
488,78
489,49
490,17
491,39
492,71
493,98
494,31
495,122
496,41
497,180
498,164
499,6
500,48
501,5
502,106
503,93
504,104
505,20
506,107
507,119
508,150
509,47
510,148
511,47
512,102
513,57
514,98
515,1
516,113
517,182
518,143
519,0
520,126
521,143
522,109
523,94
524,137
525,45
526,110
527,20
528,75
529,181
530,62
531,33
532,178
533,100
534,30
535,128
536,175
537,58
538,23
539,195
540,34
541,97
542,181
543,10
544,179
545,79
546,26
547,123
548,125
549,81
550,193
551,135
552,132
553,185
554,147
555,60
556,49
557,115
558,142
559,59
560,166
561,115
562,150
563,163
564,81
565,21
566,38
567,10
568,33
569,97
570,168
571,109
572,51
573,91
574,104
575,67
576,59
577,45
578,63
579,143
580,194
581,108
582,44
583,95
584,136
585,15
586,28
587,192
588,66
589,106
590,192
591,38
592,43
593,117
594,172
595,129
596,168
597,155
598,9
599,23
600,108
601,74
602,132
603,124
604,96
605,25
606,73
607,176
608,189
609,183
610,83
611,109
612,124
613,102
614,88
615,140
616,106
617,176
618,43
619,4
620,40
621,55
622,99
623,118
624,174
625,52
626,43
627,73
628,10
629,82
630,123
631,176
632,5
633,156
634,11
635,107
636,72
637,129
638,77
639,85
640,51
641,42
642,120
643,184
644,194
645,16
646,165
647,87
648,87
649,175
650,144
651,36
652,50
653,113
654,32
655,184
656,136
657,94
658,133
659,110
660,169
661,65
662,106
663,21
664,133
665,172
666,78
667,21
668,117
669,184
670,118
671,91
672,116
673,57
674,158
675,86
676,134
677,19
678,109
679,163
680,15
681,173
682,112
683,101
684,71
685,27
686,34
687,146
688,133
689,23
690,130
691,126
692,95
693,195
694,103
695,5
696,158
697,93
698,121
699,69
700,144
701,65
702,133
703,37
704,14
705,23
706,120
707,137
708,150
709,147
710,127
711,79
712,82
713,185
714,81
715,64
716,32
717,62
718,149
719,43
720,54
721,134
722,151
723,165
724,93
725,91
726,173
727,97
728,5
729,170
730,28
731,173
732,82
733,118
734,19
735,192
736,1
737,65
738,80
739,67
740,138
741,104
742,56
743,11
744,174
745,182
746,17
747,41
748,170
749,119
750,126
751,24
752,94
753,15
754,41
755,37
756,173
757,144
758,177
759,133
760,17
761,137
762,138
763,96
764,49
765,134
766,37
767,82
768,11
769,73
770,193
771,188
772,43
773,164
774,169
775,124
776,18
777,70
778,142
779,168
780,95
781,73
782,10
783,186
784,47
785,127
786,109
787,82
788,182
789,120
790,32
791,172
792,59
793,199
794,186
795,135
796,154
797,71
798,147
799,98
800,80
801,149
802,155
803,18
804,99
805,61
806,35
807,59
808,193
809,196
810,165
811,37
812,36
813,100
814,146
815,195
816,95
817,148
818,163
819,165
820,152
821,196
822,165
823,149
824,77
825,128
826,88
827,188
828,115
829,36
830,182
831,3
832,163
833,8
834,125
835,62
836,199
837,163
838,17
839,92
840,36
841,44
842,193
843,27
844,60
845,176
846,142
847,152
848,40
849,114
850,107
851,191
852,92
853,94
854,170
855,29
856,115
857,46
858,82
859,175
860,4
861,46
862,39
863,147
864,194
865,184
866,87
867,63
868,135
869,54
870,157
871,21
872,96
873,124
874,60
875,143
876,56
877,95
878,31
879,190
880,98
881,77
882,91
883,54
884,15
885,41
886,95
887,45
888,146
889,3
890,77
891,159
892,119
893,169
894,62
895,123
896,12
897,160
898,89
899,192
900,18
901,36
902,27
903,197
904,147
905,195
906,74
907,82
908,171
909,61
910,17
911,180
912,73
913,88
914,60
915,12
916,154
917,78
918,159
919,160
920,188
921,83
922,78
923,133
924,173
925,181
926,94
927,129
928,188
929,58
930,44
931,84
932,168
933,23
934,86
935,151
936,133
937,45
938,149
939,40
940,133
941,126
942,170
943,46
944,25
945,77
946,191
947,134
948,116
949,178
950,23
951,28
952,88
953,88
954,191
955,189
956,83
957,164
958,22
959,99
960,63
961,55
962,164
963,83
964,107
965,111
966,41
967,18
968,45
969,80
970,111
971,112
972,57
973,141
974,37
975,130
976,34
977,111
978,114
979,93
980,163
981,170
982,176
983,129
984,176
985,98
986,71
987,53
988,114
989,198
990,24
991,45
992,20
993,8
994,91
995,78
996,146
997,25
998,14
999,39
1000,117
1001,159
1002,13
1003,83
1004,126
1005,69
1006,112
1007,148
1008,112
1009,193
1010,21
1011,51
1012,21
1013,80
1014,182
1015,174
1016,107
1017,164
1018,104
1019,56
1020,23
1021,174
1022,24
1023,29
1024,137
1025,36
1026,141
1027,197
1028,102
1029,34
1030,144
1031,191
1032,128
1033,190
1034,39
1035,135
1036,102
1037,4
1038,26
1039,164
1040,127
1041,74
1042,144
1043,159
1044,134
1045,121
1046,125
1047,61
1048,38
1049,47
1050,18
1051,54
1052,92
1053,177
1054,143
1055,70
1056,11
1057,15
1058,36
1059,62
1060,8
1061,161
1062,5
1063,168
1064,75
1065,131
1066,43
1067,37
1068,46
1069,100
1070,175
1071,29
1072,110
1073,29
1074,28
1075,26
1076,182
1077,85
1078,5
1079,155
1080,1
1081,186
1082,166
1083,10
1084,159
1085,0
1086,84
1087,51
1088,90
1089,108
1090,140
1091,190
1092,2
1093,184
1094,76
1095,102
1096,33
1097,80
1098,34
1099,120
1100,162
1101,23
1102,12
1103,99
1104,138
1105,54
1106,187
1107,98
1108,78
1109,17
1110,26
1111,120
1112,144
1113,14
1114,60
1115,116
1116,179
1117,74
1118,38
1119,114
1120,194
1121,15
1122,15
1123,85
1124,177
1125,62
1126,135
1127,187
1128,187
1129,126
1130,118
1131,14
1132,56
1133,35
1134,122
1135,171
1136,143
1137,178
1138,68
1139,39
1140,41
1141,23
1142,108
1143,150
1144,16
1145,50
1146,133
1147,122
1148,199
1149,94
1150,171
1151,19
1152,181
1153,105
1154,167
1155,90
1156,199
1157,199
1158,73
1159,16
1160,57
1161,189
1162,11
1163,99
1164,74
1165,80
1166,156
1167,113
1168,20
1169,145
1170,125
1171,147
1172,135
1173,129
1174,71
1175,179
1176,170
1177,104
1178,139
1179,78
1180,131
1181,46
1182,52
1183,14
1184,183
1185,83
1186,84
1187,45
1188,47
1189,174
1190,178
1191,181
1192,184
1193,11
1194,56
1195,35
1196,102
1197,191
1198,50
1199,147
1200,127
1201,140
1202,135
1203,111
1204,109
1205,180
1206,84
1207,20
1208,142
1209,45
1210,106
1211,17
1212,134
1213,162
1214,68
1215,6
1216,13
1217,18
1218,49
1219,104
1220,109
1221,138
1222,124
1223,114
1224,29
1225,65
1226,95
1227,48
1228,4
1229,56
1230,41
1231,177
1232,199
1233,160
1234,58
1235,177
1236,16
1237,162
1238,2
1239,21
1240,172
1241,19
1242,159
1243,181
1244,95
1245,39
1246,25
1247,185
1248,24
1249,110
1250,153
1251,80
1252,66
1253,106
1254,133
1255,51
1256,160
1257,143
1258,11
1259,139
1260,38
1261,96
1262,152
1263,86
1264,2
1265,125
1266,187
1267,39
1268,129
1269,199
1270,114
1271,14
1272,160
1273,129
1274,137
1275,147
1276,186
1277,48
1278,30
1279,20
1280,151
1281,80
1282,68
1283,67
1284,110
1285,1
1286,174
1287,54
1288,93
1289,99
1290,113
1291,6
1292,84
1293,15
1294,39
1295,114
1296,117
1297,57
1298,98
1299,122
1300,89
1301,93
1302,73
1303,174
1304,66
1305,114
1306,169
1307,70
1308,176
1309,172
1310,54
1311,154
1312,183
1313,121
1314,43
1315,85
1316,42
1317,138
1318,57
1319,64
1320,85
1321,84
1322,56
1323,91
1324,106
1325,160
1326,65
1327,98
1328,110
1329,160
1330,18
1331,102
1332,137
1333,118
1334,33
1335,143
1336,79
1337,179
1338,162
1339,182
1340,90
1341,88
1342,199
1343,130
1344,186
1345,119
1346,32
1347,166
1348,165
1349,72
1350,10
1351,123
1352,195
1353,2
1354,68
1355,85
1356,49
1357,186
1358,10
1359,152
1360,64
1361,91
1362,66
1363,113
1364,175
1365,183
1366,190
1367,65
1368,171
1369,58
1370,105
1371,22
1372,116
1373,117
1374,84
1375,143
1376,159
1377,131
1378,58
1379,65
1380,14
1381,167
1382,196
1383,73
1384,67
1385,127
1386,193
1387,21
1388,56
1389,163
1390,23
1391,85
1392,89
1393,141
1394,126
1395,138
1396,61
1397,5
1398,170
1399,118
1400,121
1401,112
1402,51
1403,149
1404,129
1405,152
1406,5
1407,45
1408,171
1409,169
1410,37
1411,7
1412,98
1413,124
1414,110
1415,30
1416,119
1417,146
1418,137
1419,12
1420,124
1421,13
1422,31
1423,120
1424,139
1425,156
1426,184
1427,61
1428,160
1429,161
1430,92
1431,22
1432,66
1433,160
1434,100
1435,156
1436,168
1437,96
1438,89
1439,106
1440,120
1441,195
1442,9
1443,132
1444,4
1445,14
1446,41
1447,75
1448,70
1449,55
1450,146
1451,1
1452,89
1453,132
1454,100
1455,95
1456,6
1457,11
1458,182
1459,112
1460,112
1461,92
1462,193
1463,122
1464,198
1465,187
1466,197
1467,19
1468,133
1469,61
1470,38
1471,123
1472,181
1473,170
1474,92
1475,50
1476,24
1477,150
1478,104
1479,62
1480,76
1481,12
1482,189
1483,142
1484,8
1485,157
1486,50
1487,69
1488,36
1489,125
1490,171
1491,163
1492,21
1493,161
1494,28
1495,46
1496,191
1497,88
1498,68
1499,127
1500,86
1501,180
1502,61
1503,146
1504,33
1505,192
1506,186
1507,81
1508,50
1509,63
1510,158
1511,159
1512,172
1513,157
1514,76
1515,101
1516,134
1517,4
1518,120
1519,118
1520,165
1521,107
1522,73
1523,189
1524,131
1525,46
1526,0
1527,12
1528,30
1529,105
1530,148
1531,51
1532,127
1533,186
1534,63
1535,47
1536,77
1537,111
1538,75
1539,8
1540,65
1541,171
1542,62
1543,2
1544,153
1545,110
1546,53
1547,108
1548,102
1549,55
1550,85
1551,188
1552,160
1553,64
1554,98
1555,10
1556,62
1557,40
1558,197
1559,41
1560,67
1561,168
1562,23
1563,140
1564,18
1565,125
1566,172
1567,136
1568,138
1569,146
1570,108
1571,41
1572,40
1573,178
1574,79
1575,135
1576,36
1577,171
1578,184
1579,196
1580,191
1581,159
1582,175
1583,92
1584,73
1585,136
1586,88
1587,42
1588,77
1589,37
1590,132
1591,93
1592,2
1593,85
1594,63
1595,102
1596,13
1597,93
1598,118
1599,30
1600,66
1601,142
1602,22
1603,161
1604,50
1605,93
1606,154
1607,0
1608,123
1609,4
1610,50
1611,88
1612,45
1613,188
1614,98
1615,187
1616,79
1617,148
1618,72
1619,157
1620,94
1621,125
1622,78
1623,49
1624,188
1625,146
1626,184
1627,91
1628,116
1629,25
1630,199
1631,119
1632,166
1633,166
1634,52
1635,51
1636,80
1637,152
1638,188
1639,163
1640,151
1641,120
1642,100
1643,25
1644,127
1645,84
1646,7
1647,7
1648,38
1649,126
1650,113
1651,36
1652,32
1653,69
1654,85
1655,152
1656,178
1657,196
1658,123
1659,128
1660,43
1661,172
1662,36
1663,107
1664,107
1665,52
1666,82
1667,113
1668,25
1669,103
1670,194
1671,165
1672,45
1673,26
1674,131
1675,111
1676,179
1677,21
1678,40
1679,192
1680,56
1681,18
1682,81
1683,125
1684,128
1685,134
1686,124
1687,113
1688,137
1689,97
1690,99
1691,66
1692,58
1693,67
1694,33
1695,123
1696,163
1697,117
1698,56
1699,57
1700,124
1701,112
1702,150
1703,190
1704,95
1705,38
1706,102
1707,0
1708,143
1709,42
1710,125
1711,168
1712,135
1713,157
1714,121
1715,180
1716,32
1717,189
1718,92
1719,16
1720,66
1721,170
1722,177
1723,165
1724,70
1725,46
1726,100
1727,155
1728,95
1729,147
1730,176
1731,157
1732,44
1733,118
1734,170
1735,11
1736,111
1737,182
1738,157
1739,188
1740,124
1741,87
1742,130
1743,8
1744,194
1745,136
1746,153
1747,112
1748,192
1749,115
1750,27
1751,126
1752,108
1753,76
1754,26
1755,115
1756,167
1757,124
1758,136
1759,162
1760,144
1761,23
1762,64
1763,0
1764,126
1765,8
1766,103
1767,43
1768,198
1769,172
1770,139
1771,194
1772,126
1773,4
1774,62
1775,199
1776,194
1777,63
1778,44
1779,68
1780,156
1781,6
1782,124
1783,88
1784,190
1785,166
1786,192
1787,158
1788,163
1789,31
1790,53
1791,193
1792,184
1793,94
1794,42
1795,96
1796,81
1797,42
1798,16
1799,26
1800,41
1801,35
1802,166
1803,92
1804,140
1805,66
1806,87
1807,115
1808,54
1809,198
1810,188
1811,178
1812,162
1813,5
1814,127
1815,145
1816,88
1817,111
1818,141
1819,146
1820,2
1821,197
1822,25
1823,127
1824,56
1825,84
1826,19
1827,13
1828,174
1829,149
1830,180
1831,182
1832,83
1833,117
1834,172
1835,134
1836,61
1837,109
1838,158
1839,158
1840,110
1841,75
1842,68
1843,9
1844,27
1845,6
1846,174
1847,20
1848,94
1849,79
1850,130
1851,42
1852,97
1853,76
1854,156
1855,162
1856,158
1857,9
1858,38
1859,112
1860,186
1861,145
1862,192
1863,111
1864,101
1865,132
1866,67
1867,62
1868,50
1869,172
1870,96
1871,22
1872,148
1873,132
1874,58
1875,136
1876,57
1877,145
1878,189
1879,121
1880,182
1881,81
1882,131
1883,154
1884,30
1885,139
1886,63
1887,3
1888,94
1889,17
1890,122
1891,174
1892,199
1893,104
1894,81
1895,130
1896,179
1897,169
1898,90
1899,34
1900,87
1901,118
1902,115
1903,195
1904,47
1905,28
1906,6
1907,8
1908,105
1909,148
1910,6
1911,187
1912,33
1913,169
1914,88
1915,160
1916,130
1917,151
1918,192
1919,168
1920,93
1921,77
1922,141
1923,76
1924,145
1925,171
1926,166
1927,93
1928,144
1929,185
1930,41
1931,123
1932,105
1933,150
1934,194
1935,27
1936,3
1937,138
1938,77
1939,32
1940,186
1941,187
1942,76
1943,101
1944,192
1945,68
1946,113
1947,138
1948,167
1949,68
1950,161
1951,82
1952,159
1953,176
1954,83
1955,84
1956,144
1957,80
1958,130
1959,99
1960,17
1961,48
1962,144
1963,128
1964,11
1965,77
1966,34
1967,13
1968,183
1969,13
1970,142
1971,28
1972,3
1973,161
1974,42
1975,115
1976,103
1977,135
1978,53
1979,8
1980,64
1981,87
1982,193
1983,146
1984,192
1985,163
1986,53
1987,51
1988,147
1989,134
1990,11
1991,161
1992,129
1993,130
1994,25
1995,64
1996,157
1997,2
1998,47
1999,103
2000,192
2001,136
2002,184
2003,124
2004,153
2005,195
2006,159
2007,31
2008,170
2009,111
2010,113
2011,167
2012,77
2013,157
2014,87
2015,72
2016,24
2017,155
2018,157
2019,91
2020,149
2021,51
2022,87
2023,113
2024,101
2025,48
2026,4
2027,189
2028,102
2029,148
2030,180
2031,5
2032,165
2033,94
2034,183
2035,104
2036,142
2037,4
2038,49
2039,169
2040,162
2041,26
2042,76
2043,12
2044,53
2045,75
2046,115
2047,81
2048,64
2049,107
2050,169
2051,81
2052,150
2053,147
2054,197
2055,55
2056,187
2057,172
2058,167
2059,153
2060,148
2061,120
2062,135
2063,148
2064,95
2065,60
2066,177
2067,83
2068,85
2069,141
2070,133
2071,73
2072,100
2073,24
2074,174
2075,128
2076,22
2077,58
2078,118
2079,50
2080,28
2081,118
2082,195
2083,91
2084,190
2085,13
2086,166
2087,154
2088,46
2089,180
2090,68
2091,23
2092,193
2093,34
2094,188
2095,0
2096,111
2097,136
2098,51
2099,144
2100,76
2101,152
2102,187
2103,195
2104,89
2105,14
2106,185
2107,86
2108,20
2109,93
2110,67
2111,131
2112,100
2113,69
2114,3
2115,162
2116,29
2117,34
2118,10
2119,123
2120,171
2121,102
2122,57
2123,12
2124,151
2125,112
2126,156
2127,96
2128,155
2129,183
2130,184
2131,99
2132,9
2133,11
2134,26
2135,198
2136,112
2137,134
2138,132
2139,7
2140,155
2141,189
2142,185
2143,77
2144,183
2145,119
2146,34
2147,175
2148,122
2149,71
2150,84
2151,133
2152,18
2153,64
2154,164
2155,42
2156,118
2157,53
2158,69
2159,132
2160,85
2161,2
2162,90
2163,145
2164,43
2165,162
2166,186
2167,152
2168,55
2169,57
2170,181
2171,74
2172,180
2173,163
2174,24
2175,178
2176,7
2177,17
2178,0
2179,28
2180,179
2181,37
2182,8
2183,190
2184,127
2185,105
2186,32
2187,12
2188,63
2189,56
2190,123
2191,83
2192,80
2193,75
2194,70
2195,109
2196,134
2197,38
2198,181
2199,95
2200,118
2201,57
2202,165
2203,186
2204,18
2205,19
2206,147
2207,85
2208,156
2209,155
2210,52
2211,125
2212,83
2213,168
2214,57
2215,96
2216,148
2217,154
2218,126
2219,152
2220,155
2221,194
2222,48
2223,179
2224,92
2225,97
2226,86
2227,65
2228,20
2229,51
2230,95
2231,189
2232,51
2233,177
2234,72
2235,164
2236,53
2237,160
2238,111
2239,138
2240,186
2241,52
2242,72
2243,61
2244,72
2245,136
2246,73
2247,60
2248,51
2249,167
2250,196
2251,110
2252,43
2253,108
2254,190
2255,87
2256,153
2257,128
2258,57
2259,53
2260,157
2261,15
2262,123
2263,152
2264,38
2265,47
2266,192
2267,38
2268,79
2269,23
2270,50
2271,77
2272,1
2273,85
2274,103
2275,199
2276,9
2277,133
2278,23
2279,113
2280,101
2281,44
2282,1
2283,152
2284,121
2285,121
2286,96
2287,59
2288,48
2289,101
2290,170
2291,147
2292,35
2293,146
2294,4
2295,195
2296,156
2297,188
2298,197
2299,38
2300,3
2301,175
2302,121
2303,6
2304,59
2305,37
2306,69
2307,21
2308,195
2309,13
2310,55
2311,76
2312,108
2313,133
2314,197
2315,134
2316,199
2317,17
2318,16
2319,81
2320,70
2321,73
2322,66
2323,147
2324,102
2325,126
2326,54
2327,177
2328,144
2329,158
2330,130
2331,79
2332,101
2333,148
2334,148
2335,168
2336,78
2337,95
2338,3
2339,14
2340,107
2341,90
2342,177
2343,150
2344,100
2345,116
2346,38
2347,181
2348,159
2349,95
2350,177
2351,94
2352,165
2353,83
2354,154
2355,33
2356,54
2357,71
2358,179
2359,91
2360,189
2361,61
2362,40
2363,128
2364,13
2365,121
2366,182
2367,88
2368,49
2369,192
2370,100
2371,111
2372,156
2373,178
2374,72
2375,120
2376,168
2377,125
2378,167
2379,108
2380,114
2381,191
2382,78
2383,87
2384,190
2385,6
2386,73
2387,4
2388,67
2389,158
2390,81
2391,152
2392,49
2393,73
2394,86
2395,188
2396,118
2397,191
2398,151
2399,9
2400,119
2401,194
2402,7
2403,134
2404,39
2405,9
2406,131
2407,58
2408,73
2409,169
2410,7
2411,46
2412,187
2413,151
2414,8
2415,55
2416,55
2417,101
2418,197
2419,94
2420,12
2421,102
2422,111
2423,156
2424,21
2425,69
2426,142
2427,24
2428,13
2429,45
2430,196
2431,20
2432,149
2433,138
2434,168
2435,102
2436,130
2437,116
2438,198
2439,176
2440,43
2441,43
2442,14
2443,152
2444,197
2445,198
2446,128
2447,144
2448,50
2449,99
2450,176
2451,120
2452,87
2453,47
2454,54
2455,120
2456,176
2457,143
2458,63
2459,104
2460,145
2461,142
2462,165
2463,130
2464,44
2465,186
2466,49
2467,44
2468,62
2469,29
2470,178
2471,81
2472,80
2473,103
2474,107
2475,73
2476,190
2477,122
2478,161
2479,89
2480,86
2481,91
2482,80
2483,191
2484,159
2485,91
2486,31
2487,146
2488,176
2489,154
2490,25
2491,52
2492,50
2493,157
2494,1
2495,43
2496,119
2497,145
2498,20
2499,171
2500,86
2501,83
2502,27
2503,91
2504,155
2505,88
2506,125
2507,71
2508,15
2509,54
2510,23
2511,91
2512,32
2513,50
2514,138
2515,168
2516,158
2517,110
2518,20
2519,146
2520,71
2521,148
2522,42
2523,132
2524,192
2525,137
2526,31
2527,70
2528,154
2529,32
2530,128
2531,47
2532,22
2533,132
2534,118
2535,98
2536,77
2537,72
2538,138
2539,103
2540,30
2541,30
2542,11
2543,54
2544,46
2545,171
2546,144
2547,8
2548,23
2549,194
2550,30
2551,75
2552,190
2553,59
2554,149
2555,141
2556,114
2557,154
2558,157
2559,154
2560,29
2561,60
2562,74
2563,118
2564,59
2565,30
2566,38
2567,180
2568,63
2569,120
2570,156
2571,78
2572,38
2573,46
2574,176
2575,75
2576,58
2577,149
2578,111
2579,155
2580,20
2581,0
2582,32
2583,69
2584,89
2585,185
2586,196
2587,137
2588,174
2589,13
2590,139
2591,28
2592,179
2593,117
2594,148
2595,78
2596,134
2597,43
2598,150
2599,88
2600,127
2601,187
2602,12
2603,145
2604,146
2605,108
2606,5
2607,16
2608,60
2609,101
2610,108
2611,107
2612,105
2613,179
2614,27
2615,25
2616,76
2617,138
2618,78
2619,162
2620,188
2621,116
2622,91
2623,131
2624,31
2625,167
2626,47
2627,108
2628,185
2629,1
2630,145
2631,52
2632,133
2633,152
2634,91
2635,135
2636,168
2637,93
2638,77
2639,169
2640,15
2641,29
2642,16
2643,140
2644,61
2645,167
2646,83
2647,9
2648,104
2649,70
2650,18
2651,31
2652,19
2653,196
2654,83
2655,163
2656,48
2657,112
2658,56
2659,171
2660,129
2661,198
2662,32
2663,18
2664,82
2665,179
2666,182
2667,9
2668,10
2669,18
2670,161
2671,189
2672,97
2673,112
2674,130
2675,25
2676,8
2677,157
2678,59
2679,32
2680,36
2681,195
2682,30
2683,90
2684,134
2685,84
2686,125
2687,181
2688,7
2689,176
2690,101
2691,173
2692,109
2693,132
2694,89
2695,60
2696,14
2697,138
2698,155
2699,61
2700,136
2701,73
2702,136
2703,30
2704,36
2705,6
2706,192
2707,52
2708,144
2709,199
2710,24
2711,105
2712,122
2713,115
2714,101
2715,180
2716,111
2717,165
2718,3
2719,22
2720,173
2721,199
2722,157
2723,61
2724,42
2725,172
2726,75
2727,45
2728,24
2729,150
2730,198
2731,24
2732,61
2733,109
2734,132
2735,58
2736,169
2737,196
2738,192
2739,55
2740,3
2741,163
2742,126
2743,37
2744,191
2745,83
2746,97
2747,44
2748,0
2749,79
2750,185
2751,122
2752,135
2753,27
2754,153
2755,59
2756,50
2757,150
2758,121
2759,189
2760,106
2761,148
2762,183
2763,31
2764,189
2765,166
2766,163
2767,128
2768,182
2769,192
2770,7
2771,167
2772,162
2773,16
2774,78
2775,173
2776,173
2777,129
2778,20
2779,123
2780,110
2781,111
2782,92
2783,173
2784,79
2785,26
2786,108
2787,137
2788,187
2789,127
2790,175
2791,198
2792,158
2793,17
2794,159
2795,144
2796,179
2797,37
2798,73
2799,189
2800,108
2801,63
2802,36
2803,165
2804,19
2805,27
2806,19
2807,27
2808,10
2809,109
2810,42
2811,25
2812,136
2813,94
2814,107
2815,116
2816,161
2817,30
2818,108
2819,20
2820,59
2821,24
2822,166
2823,2
2824,159
2825,72
2826,9
2827,126
2828,140
2829,175
2830,17
2831,115
2832,190
2833,44
2834,111
2835,194
2836,116
2837,104
2838,106
2839,65
2840,151
2841,93
2842,126
2843,108
2844,47
2845,135
2846,192
2847,46
2848,18
2849,64
2850,54
2851,79
2852,39
2853,167
2854,106
2855,80
2856,147
2857,111
2858,135
2859,82
2860,78
2861,164
2862,100
2863,38
2864,25
2865,75
2866,32
2867,71
2868,35
2869,35
2870,103
2871,160
2872,129
2873,51
2874,174
2875,119
2876,101
2877,98
2878,177
2879,0
2880,16
2881,92
2882,136
2883,101
2884,0
2885,104
2886,187
2887,25
2888,30
2889,44
2890,90
2891,96
2892,151
2893,109
2894,154
2895,100
2896,155
2897,122
2898,21
2899,158
2900,79
2901,69
2902,173
2903,164
2904,193
2905,80
2906,149
2907,100
2908,161
2909,72
2910,170
2911,166
2912,93
2913,82
2914,93
2915,41
2916,15
2917,153
2918,81
2919,33
2920,20
2921,84
2922,36
2923,176
2924,40
2925,149
2926,129
2927,6
2928,59
2929,187
2930,105
2931,53
2932,53
2933,9
2934,145
2935,0
2936,140
2937,34
2938,189
2939,195
2940,40
2941,189
2942,124
2943,180
2944,154
2945,183
2946,81
2947,126
2948,10
2949,195
2950,165
2951,118
2952,130
2953,153
2954,49
2955,57
2956,113
2957,37
2958,194
2959,26
2960,24
2961,179
2962,5
2963,51
2964,81
2965,33
2966,191
2967,55
2968,119
2969,67
2970,161
2971,26
2972,145
2973,86
2974,82
2975,72
2976,59
2977,69
2978,57
2979,124
2980,29
2981,107
2982,91
2983,153
2984,82
2985,133
2986,24
2987,108
2988,199
2989,147
2990,157
2991,198
2992,81
2993,47
2994,185
2995,168
2996,159
2997,193
2998,84
2999,96
3000,189
3001,36
3002,144
3003,192
3004,33
3005,123
3006,174
3007,9
3008,66
3009,184
3010,42
3011,8
3012,32
3013,26
3014,193
3015,102
3016,66
3017,31
3018,71
3019,36
3020,196
3021,138
3022,124
3023,95
3024,117
3025,142
3026,41
3027,156
3028,44
3029,149
3030,55
3031,128
3032,22
3033,137
3034,10
3035,57
3036,29
3037,173
3038,29
3039,154
3040,39
3041,92
3042,37
3043,14
3044,160
3045,155
3046,131
3047,153
3048,162
3049,48
3050,196
3051,47
3052,37
3053,32
3054,110
3055,131
3056,167
3057,85
3058,148
3059,127
3060,151
3061,92
3062,169
3063,74
3064,2
3065,170
3066,12
3067,63
3068,74
3069,22
3070,120
3071,121
3072,128
3073,70
3074,76
3075,75
3076,18
3077,4
3078,90
3079,158
3080,99
3081,16
3082,153
3083,131
3084,144
3085,129
3086,74
3087,47
3088,11
3089,192
3090,187
3091,199
3092,149
3093,139
3094,74
3095,74
3096,118
3097,31
3098,159
3099,75
3100,67
3101,120
3102,87
3103,111
3104,187
3105,140
3106,89
3107,154
3108,100
3109,78
3110,144
3111,129
3112,113
3113,2
3114,178
3115,122
3116,116
3117,9
3118,113
3119,39
3120,194
3121,117
3122,84
3123,166
3124,34
3125,54
3126,100
3127,179
3128,48
3129,171
3130,134
3131,150
3132,147
3133,196
3134,75
3135,99
3136,174
3137,172
3138,108
3139,32
3140,73
3141,58
3142,52
3143,167
3144,54
3145,48
3146,131
3147,60
3148,33
3149,36
3150,33
3151,115
3152,177
3153,39
3154,63
3155,154
3156,94
3157,30
3158,27
3159,48
3160,175
3161,190
3162,39
3163,146
3164,55
3165,184
3166,166
3167,112
3168,190
3169,151
3170,107
3171,137
3172,94
3173,137
3174,15
3175,141
3176,181
3177,81
3178,180
3179,53
3180,69
3181,133
3182,178
3183,0
3184,22
3185,129
3186,19
3187,9
3188,123
3189,130
3190,81
3191,182
3192,79
3193,157
3194,178
3195,63
3196,50
3197,109
3198,111
3199,22
3200,194
3201,106
3202,67
3203,193
3204,40
3205,12
3206,90
3207,163
3208,138
3209,11
3210,31
3211,17
3212,141
3213,69
3214,97
3215,62
3216,43
3217,99
3218,112
3219,79
3220,76
3221,76
3222,131
3223,15
3224,51
3225,105
3226,193
3227,157
3228,23
3229,118
3230,143
3231,140
3232,5
3233,12
3234,8
3235,181
3236,72
3237,30
3238,158
3239,29
3240,106
3241,101
3242,186
3243,186
3244,48
3245,104
3246,102
3247,106
3248,93
3249,106
3250,122
3251,166
3252,29
3253,107
3254,45
3255,122
3256,181
3257,40
3258,124
3259,93
3260,199
3261,69
3262,73
3263,101
3264,192
3265,45
3266,91
3267,42
3268,17
3269,196
3270,191
3271,34
3272,102
3273,181
3274,109
3275,100
3276,127
3277,31
3278,31
3279,103
3280,102
3281,48
3282,12
3283,7
3284,35
3285,90
3286,168
3287,22
3288,109
3289,4
3290,40
3291,34
3292,6
3293,62
3294,180
3295,35
3296,196
3297,56
3298,101
3299,28
3300,57
3301,22
3302,44
3303,159
3304,97
3305,128
3306,199
3307,86
3308,114
3309,50
3310,15
3311,160
3312,155
3313,61
3314,189
3315,35
3316,75
3317,15
3318,187
3319,58
3320,112
3321,88
3322,143
3323,15
3324,146
3325,81
3326,196
3327,48
3328,30
3329,5
3330,195
3331,63
3332,31
3333,65
3334,4
3335,196
3336,100
3337,93
3338,193
3339,132
3340,88
3341,24
3342,73
3343,38
3344,93
3345,89
3346,41
3347,140
3348,122
3349,19
3350,68
3351,188
3352,145
3353,20
3354,81
3355,77
3356,119
3357,19
3358,45
3359,12
3360,125
3361,183
3362,6
3363,51
3364,44
3365,136
3366,128
3367,70
3368,172
3369,190
3370,67
3371,16
3372,121
3373,15
3374,37
3375,15
3376,184
3377,69
3378,150
3379,23
3380,83
3381,144
3382,49
3383,111
3384,170
3385,155
3386,32
3387,174
3388,97
3389,65
3390,181
3391,128
3392,27
3393,183
3394,71
3395,99
3396,169
3397,195
3398,183
3399,33
3400,1
3401,79
3402,32
3403,75
3404,151
3405,110
3406,161
3407,19
3408,122
3409,32
3410,140
3411,16
3412,39
3413,77
3414,31
3415,29
3416,192
3417,164
3418,177
3419,151
3420,135
3421,44
3422,34
3423,55
3424,3
3425,123
3426,93
3427,48
3428,123
3429,2
3430,167
3431,61
3432,141
3433,82
3434,44
3435,74
3436,91
3437,55
3438,47
3439,169
3440,165
3441,145
3442,62
3443,96
3444,82
3445,105
3446,58
3447,164
3448,54
3449,64
3450,52
3451,145
3452,11
3453,84
3454,90
3455,42
3456,25
3457,60
3458,144
3459,197
3460,70
3461,103
3462,77
3463,68
3464,102
3465,19
3466,89
3467,84
3468,137
3469,69
3470,119
3471,87
3472,24
3473,110
3474,52
3475,170
3476,72
3477,157
3478,65
3479,40
3480,115
3481,12
3482,85
3483,143
3484,3
3485,46
3486,66
3487,2
3488,39
3489,139
3490,38
3491,125
3492,0
3493,2
3494,60
3495,64
3496,141
3497,176
3498,4
3499,48
3500,66
3501,89
3502,172
3503,29
3504,188
3505,195
3506,7
3507,170
3508,115
3509,13
3510,62
3511,81
3512,13
3513,126
3514,45
3515,99
3516,101
3517,80
3518,195
3519,175
3520,156
3521,64
3522,47
3523,143
3524,75
3525,101
3526,141
3527,109
3528,180
3529,100
3530,79
3531,28
3532,82
3533,9
3534,1
3535,156
3536,26
3537,14
3538,39
3539,74
3540,2
3541,109
3542,30
3543,105
3544,167
3545,5
3546,1
3547,178
3548,173
3549,169
3550,166
3551,188
3552,74
3553,89
3554,75
3555,79
3556,86
3557,166
3558,127
3559,108
3560,119
3561,140
3562,160
3563,141
3564,142
3565,36
3566,85
3567,66
3568,119
3569,51
3570,158
3571,94
3572,91
3573,143
3574,80
3575,51
3576,49
3577,18
3578,98
3579,168
3580,115
3581,133
3582,120
3583,99
3584,16
3585,76
3586,194
3587,151
3588,199
3589,131
3590,20
3591,141
3592,32
3593,92
3594,32
3595,85
3596,80
3597,72
3598,142
3599,39
3600,158
3601,3
3602,171
3603,169
3604,194
3605,197
3606,116
3607,5
3608,137
3609,154
3610,189
3611,145
3612,15
3613,106
3614,103
3615,121
3616,146
3617,174
3618,149
3619,194
3620,139
3621,139
3622,43
3623,102
3624,60
3625,180
3626,9
3627,181
3628,155
3629,158
3630,187
3631,8
3632,64
3633,121
3634,21
3635,134
3636,31
3637,179
3638,161
3639,103
3640,18
3641,197
3642,175
3643,2
3644,109
3645,68
3646,174
3647,130
3648,105
3649,40
3650,52
3651,14
3652,13
3653,183
3654,42
3655,109
3656,66
3657,116
3658,150
3659,160
3660,99
3661,24
3662,68
3663,23
3664,115
3665,148
3666,120
3667,151
3668,90
3669,103
3670,152
3671,191
3672,141
3673,86
3674,185
3675,26
3676,30
3677,187
3678,15
3679,63
3680,158
3681,90
3682,96
3683,55
3684,117
3685,191
3686,120
3687,12
3688,150
3689,7
3690,154
3691,46
3692,134
3693,29
3694,31
3695,12
3696,135
3697,20
3698,67
3699,142
3700,117
3701,180
3702,116
3703,12
3704,86
3705,114
3706,147
3707,148
3708,119
3709,127
3710,184
3711,150
3712,42
3713,167
3714,129
3715,56
3716,72
3717,68
3718,68
3719,13
3720,172
3721,159
3722,129
3723,156
3724,166
3725,65
3726,84
3727,93
3728,151
3729,45
3730,177
3731,154
3732,175
3733,53
3734,44
3735,47
3736,4
3737,8
3738,146
3739,82
3740,106
3741,182
3742,59
3743,155
3744,139
3745,8
3746,103
3747,175
3748,131
3749,131
3750,19
3751,34
3752,41
3753,55
3754,195
3755,14
3756,165
3757,156
3758,37
3759,143
3760,146
3761,178
3762,196
3763,128
3764,126
3765,199
3766,105
3767,113
3768,87
3769,138
3770,137
3771,101
3772,21
3773,177
3774,112
3775,30
3776,188
3777,80
3778,153
3779,9
3780,8
3781,27
3782,77
3783,24
3784,110
3785,173
3786,160
3787,172
3788,23
3789,101
3790,144
3791,198
3792,105
3793,7
3794,155
3795,164
3796,198
3797,120
3798,149
3799,85
3800,70
3801,186
3802,164
3803,185
3804,198
3805,167
3806,15
3807,153
3808,133
3809,197
3810,173
3811,109
3812,115
3813,28
3814,193
3815,159
3816,7
3817,122
3818,187
3819,164
3820,142
3821,79
3822,136
3823,72
3824,70
3825,171
3826,42
3827,121
3828,139
3829,51
3830,43
3831,199
3832,190
3833,173
3834,65
3835,19
3836,185
3837,47
3838,122
3839,2
3840,129
3841,140
3842,137
3843,126
3844,134
3845,40
3846,171
3847,86
3848,167
3849,114
3850,139
3851,90
3852,134
3853,89
3854,46
3855,161
3856,66
3857,123
3858,33
3859,71
3860,123
3861,66
3862,18
3863,13
3864,135
3865,161
3866,26
3867,74
3868,35
3869,193
3870,149
3871,76
3872,122
3873,140
3874,196
3875,162
3876,111
3877,197
3878,85
3879,168
3880,13
3881,142
3882,17
3883,115
3884,99
3885,42
3886,5
3887,72
3888,189
3889,107
3890,60
3891,156
3892,185
3893,183
3894,49
3895,138
3896,165
3897,16
3898,160
3899,160
3900,152
3901,165
3902,99
3903,198
3904,26
3905,101
3906,121
3907,58
3908,112
3909,101
3910,193
3911,39
3912,76
3913,196
3914,153
3915,17
3916,25
3917,84
3918,38
3919,46
3920,65
3921,152
3922,142
3923,150
3924,105
3925,7
3926,44
3927,39
3928,142
3929,51
3930,119
3931,58
3932,187
3933,155
3934,175
3935,99
3936,52
3937,81
3938,160
3939,140
3940,82
3941,99
3942,110
3943,62
3944,70
3945,162
3946,23
3947,7
3948,56
3949,197
3950,194
3951,101
3952,104
3953,58
3954,170
3955,132
3956,21
3957,152
3958,56
3959,105
3960,191
3961,130
3962,11
3963,86
3964,59
3965,157
3966,125
3967,40
3968,25
3969,143
3970,5
3971,10
3972,116
3973,92
3974,181
3975,104
3976,149
3977,79
3978,31
3979,174
3980,103
3981,34
3982,63
3983,168
3984,112
3985,169
3986,2
3987,19
3988,155
3989,75
3990,6
3991,89
3992,50
3993,107
3994,54
3995,49
3996,138
3997,17
3998,79
3999,135
4000,67
4001,80
4002,132
4003,90
4004,21
4005,124
4006,49
4007,91
4008,138
4009,12
4010,145
4011,191
4012,62
4013,78
4014,8
4015,20
4016,96
4017,9
4018,16
4019,141
4020,146
4021,35
4022,127
4023,17
4024,7
4025,183
4026,29
4027,103
4028,110
4029,80
4030,194
4031,3
4032,37
4033,148
4034,107
4035,140
4036,182
4037,181
4038,38
4039,117
4040,101
4041,115
4042,171
4043,135
4044,107
4045,105
4046,7
4047,193
4048,188
4049,163
4050,13
4051,198
4052,105
4053,27
4054,14
4055,37
4056,79
4057,5
4058,140
4059,63
4060,129
4061,27
4062,117
4063,83
4064,103
4065,70
4066,199
4067,164
4068,145
4069,10
4070,176
4071,137
4072,34
4073,169
4074,138
4075,103
4076,1
4077,147
4078,167
4079,90
4080,44
4081,85
4082,63
4083,113
4084,169
4085,139
4086,92
4087,2
4088,1
4089,61
4090,69
4091,24
4092,46
4093,132
4094,161
4095,168
4096,124
4097,32
4098,68
4099,71
4100,73
4101,16
4102,9
4103,28
4104,7
4105,75
4106,128
4107,178
4108,65
4109,3
4110,28
4111,11
4112,97
4113,83
4114,70
4115,64
4116,158
4117,63
4118,12
4119,72
4120,156
4121,148
4122,83
4123,16
4124,173
4125,139
4126,145
4127,19
4128,72
4129,100
4130,185
4131,182
4132,56
4133,165
4134,112
4135,190
4136,83
4137,146
4138,46
4139,64
4140,8
4141,164
4142,18
4143,56
4144,188
4145,122
4146,32
4147,56
4148,58
4149,89
4150,102
4151,40
4152,37
4153,53
4154,46
4155,28
4156,61
4157,3
4158,102
4159,26
4160,144
4161,82
4162,132
4163,18
4164,177
4165,83
4166,117
4167,106
4168,27
4169,71
4170,117
4171,197
4172,20
4173,9
4174,106
4175,25
4176,103
4177,48
4178,57
4179,26
4180,23
4181,61
4182,125
4183,10
4184,88
4185,181
4186,48
4187,112
4188,53
4189,75
4190,60
4191,12
4192,191
4193,122
4194,164
4195,125
4196,57
4197,179
4198,10
4199,69
4200,92
4201,176
4202,168
4203,135
4204,62
4205,78
4206,96
4207,122
4208,137
4209,89
4210,66
4211,89
4212,30
4213,165
4214,123
4215,198
4216,49
4217,113
4218,40
4219,116
4220,156
4221,196
4222,97
4223,145
4224,142
4225,29
4226,8
4227,114
4228,119
4229,88
4230,29
4231,39
4232,182
4233,197
4234,146
4235,169
4236,183
4237,114
4238,183
4239,61
4240,14
4241,122
4242,50
4243,35
4244,96
4245,56
4246,40
4247,154
4248,33
4249,181
4250,2
4251,130
4252,135
4253,63
4254,92
4255,117
4256,172
4257,76
4258,52
4259,23
4260,71
4261,38
4262,87
4263,130
4264,32
4265,108
4266,196
4267,37
4268,103
4269,117
4270,161
4271,69
4272,36
4273,65
4274,133
4275,158
4276,124
4277,114
4278,49
4279,36
4280,113
4281,121
4282,166
4283,182
4284,4
4285,34
4286,72
4287,162
4288,28
4289,20
4290,90
4291,23
4292,66
4293,120
4294,179
4295,89
4296,24
4297,94
4298,139
4299,25
4300,165
4301,2
4302,143
4303,150
4304,178
4305,117
4306,155
4307,10
4308,107
4309,30
4310,117
4311,48
4312,67
4313,22
4314,133
4315,149
4316,19
4317,100
4318,45
4319,169
4320,64
4321,114
4322,68
4323,56
4324,35
4325,4
4326,124
4327,4
4328,88
4329,108
4330,169
4331,43
4332,6
4333,105
4334,78
4335,0
4336,112
4337,39
4338,100
4339,179
4340,114
4341,86
4342,153
4343,83
4344,190
4345,97
4346,26
4347,34
4348,66
4349,58
4350,45
4351,40
4352,28
4353,149
4354,160
4355,68
4356,96
4357,160
4358,7
4359,135
4360,191
4361,47
4362,70
4363,139
4364,59
4365,72
4366,190
4367,108
4368,160
4369,36
4370,68
4371,10
4372,82
4373,21
4374,195
4375,13
4376,177
4377,108
4378,139
4379,57
4380,161
4381,8
4382,118
4383,60
4384,189
4385,181
4386,46
4387,178
4388,19
4389,166
4390,172
4391,64
4392,139
4393,198
4394,117
4395,106
4396,100
4397,76
4398,143
4399,125
4400,34
4401,141
4402,79
4403,161
4404,42
4405,1
4406,153
4407,92
4408,118
4409,81
4410,153
4411,45
4412,77
4413,110
4414,157
4415,50
4416,175
4417,16
4418,183
4419,198
4420,149
4421,69
4422,33
4423,120
4424,137
4425,82
4426,137
4427,73
4428,116
4429,89
4430,158
4431,132
4432,33
4433,113
4434,99
4435,173
4436,128
4437,52
4438,134
4439,58
4440,161
4441,97
4442,118
4443,126
4444,59
4445,98
4446,35
4447,197
4448,27
4449,11
4450,47
4451,73
4452,23
4453,162
4454,150
4455,118
4456,69
4457,40
4458,119
4459,49
4460,58
4461,63
4462,190
4463,156
4464,197
4465,43
4466,59
4467,147
4468,198
4469,97
4470,24
4471,185
4472,131
4473,67
4474,104
4475,149
4476,19
4477,26
4478,3
4479,41
4480,157
4481,82
4482,184
4483,18
4484,147
4485,35
4486,90
4487,145
4488,29
4489,123
4490,115
4491,64
4492,153
4493,14
4494,195
4495,90
4496,7
4497,153
4498,167
4499,161
4500,44
4501,153
4502,136
4503,138
4504,99
4505,50
4506,135
4507,177
4508,77
4509,117
4510,165
4511,184
4512,147
4513,53
4514,3
4515,71
4516,182
4517,94
4518,1
4519,98
4520,142
4521,173
4522,17
4523,104
4524,62
4525,156
4526,88
4527,79
4528,66
4529,136
4530,141
4531,186
4532,130
4533,186
4534,114
4535,4
4536,119
4537,57
4538,180
4539,141
4540,67
4541,9
4542,47
4543,186
4544,151
4545,52
4546,183
4547,153
4548,90
4549,167
4550,132
4551,38
4552,140
4553,87
4554,51
4555,151
4556,184
4557,70
4558,61
4559,91
4560,35
4561,176
4562,177
4563,65
4564,62
4565,54
4566,85
4567,43
4568,17
4569,190
4570,97
4571,184
4572,44
4573,94
4574,179
4575,123
4576,113
4577,20
4578,129
4579,192
4580,140
4581,191
4582,130
4583,48
4584,22
4585,99
4586,43
4587,198
4588,43
4589,156
4590,148
4591,139
4592,186
4593,58
4594,131
4595,22
4596,5
4597,178
4598,77
4599,11
4600,134
4601,171
4602,61
4603,76
4604,96
4605,149
4606,173
4607,146
4608,170
4609,186
4610,90
4611,81
4612,124
4613,178
4614,58
4615,85
4616,93
4617,110
4618,92
4619,199
4620,100
4621,131
4622,65
4623,132
4624,141
4625,152
4626,171
4627,21
4628,31
4629,129
4630,184
4631,34
4632,131
4633,113
4634,106
4635,196
4636,3
4637,69
4638,25
4639,67
4640,154
4641,126
4642,3
4643,120
4644,17
4645,195
4646,3
4647,36
4648,157
4649,110
4650,142
4651,33
4652,187
4653,170
4654,24
4655,156
4656,85
4657,130
4658,35
4659,130
4660,41
4661,40
4662,132
4663,13
4664,198
4665,185
4666,105
4667,163
4668,79
4669,36
4670,7
4671,119
4672,142
4673,97
4674,128
4675,37
4676,101
4677,189
4678,183
4679,126
4680,57
4681,148
4682,94
4683,133
4684,139
4685,27
4686,106
4687,42
4688,188
4689,183
4690,138
4691,159
4692,107
4693,134
4694,197
4695,151
4696,29
4697,172
4698,145
4699,125
4700,175
4701,23
4702,52
4703,119
4704,41
4705,20
4706,159
4707,193
4708,113
4709,144
4710,69
4711,6
4712,190
4713,110
4714,114
4715,36
4716,43
4717,128
4718,36
4719,195
4720,153
4721,11
4722,139
4723,73
4724,164
4725,51
4726,50
4727,6
4728,198
4729,35
4730,109
4731,71
4732,187
4733,173
4734,70
4735,116
4736,170
4737,46
4738,188
4739,151
4740,125
4741,187
4742,49
4743,61
4744,138
4745,84
4746,173
4747,167
4748,68
4749,122
4750,139
4751,86
4752,157
4753,11
4754,43
4755,92
4756,98
4757,76
4758,121
4759,102
4760,7
4761,80
4762,67
4763,83
4764,60
4765,18
4766,16
4767,106
4768,89
4769,22
4770,52
4771,182
4772,86
4773,115
4774,39
4775,38
4776,167
4777,180
4778,22
4779,152
4780,77
4781,127
4782,136
4783,41
4784,11
4785,50
4786,17
4787,105
4788,41
4789,27
4790,34
4791,16
4792,40
4793,74
4794,5
4795,81
4796,100
4797,127
4798,145
4799,53
4800,141
4801,149
4802,88
4803,107
4804,128
4805,47
4806,176
4807,30
4808,91
4809,145
4810,60
4811,70
4812,57
4813,175
4814,166
4815,167
4816,22
4817,86
4818,29
4819,41
4820,111
4821,171
4822,7
4823,48
4824,39
4825,79
4826,188
4827,20
4828,142
4829,3
4830,116
4831,112
4832,63
4833,110
4834,152
4835,6
4836,163
4837,124
4838,160
4839,173
4840,166
4841,170
4842,116
4843,22
4844,35
4845,162
4846,100
4847,74
4848,90
4849,171
4850,147
4851,18
4852,150
4853,21
4854,12
4855,94
4856,104
4857,74
4858,119
4859,182
4860,83
4861,69
4862,4
4863,168
4864,125
4865,98
4866,61
4867,50
4868,101
4869,135
4870,106
4871,97
4872,162
4873,68
4874,185
4875,129
4876,42
4877,112
4878,171
4879,70
4880,87
4881,130
4882,135
4883,48
4884,5
4885,198
4886,49
4887,175
4888,181
4889,125
4890,135
4891,174
4892,60
4893,69
4894,68
4895,94
4896,193
4897,196
4898,176
4899,64
4900,33
4901,60
4902,119
4903,55
4904,183
4905,78
4906,72
4907,194
4908,121
4909,158
4910,105
4911,2
4912,33
4913,24
4914,198
4915,34
4916,63
4917,39
4918,56
4919,123
4920,75
4921,187
4922,198
4923,13
4924,179
4925,120
4926,69
4927,97
4928,52
4929,118
4930,114
4931,30
4932,52
4933,132
4934,42
4935,10
4936,177
4937,180
4938,87
4939,93
4940,63
4941,51
4942,154
4943,39
4944,194
4945,176
4946,187
4947,104
4948,82
4949,19
4950,110
4951,4
4952,156
4953,185
4954,161
4955,52
4956,53
4957,16
4958,14
4959,11
4960,151
4961,80
4962,38
4963,86
4964,103
4965,177
4966,42
4967,138
4968,72
4969,196
4970,25
4971,84
4972,57
4973,127
4974,196
4975,70
4976,157
4977,10
4978,71
4979,152
4980,61
4981,196
4982,105
4983,172
4984,28
4985,37
4986,96
4987,69
4988,182
4989,107
4990,90
4991,113
4992,153
4993,95
4994,65
4995,48
4996,189
4997,101
4998,80
4999,174
5000,118
5001,121
5002,138
5003,92
5004,57
5005,60
5006,1
5007,54
5008,10
5009,186
5010,193
5011,72
5012,75
5013,183
5014,104
5015,88
5016,177
5017,92
5018,154
5019,67
5020,12
5021,109
5022,91
5023,176
5024,116
5025,24
5026,162
5027,143
5028,1
5029,185
5030,112
5031,53
5032,164
5033,54
5034,24
5035,36
5036,67
5037,92
5038,95
5039,115
5040,176
5041,114
5042,155
5043,124
5044,188
5045,148
5046,1
5047,145
5048,139
5049,33
5050,137
5051,33
5052,41
5053,97
5054,171
5055,153
5056,74
5057,78
5058,15
5059,117
5060,75
5061,44
5062,147
5063,77
5064,102
5065,94
5066,134
5067,29
5068,21
5069,84
5070,45
5071,16
5072,48
5073,122
5074,166
5075,39
5076,53
5077,199
5078,0
5079,67
5080,171
5081,153
5082,181
5083,155
5084,86
5085,1
5086,4
5087,161
5088,9
5089,145
5090,21
5091,44
5092,161
5093,105
5094,89
5095,17
5096,49
5097,86
5098,172
5099,176
5100,21
5101,51
5102,12
5103,177
5104,126
5105,82
5106,82
5107,28
5108,62
5109,64
5110,161
5111,157
5112,22
5113,137
5114,58
5115,165
5116,159
5117,54
5118,94
5119,45
5120,145
5121,127
5122,164
5123,193
5124,98
5125,189
5126,151
5127,62
5128,117
5129,125
5130,78
5131,55
5132,170
5133,8
5134,43
5135,155
5136,108
5137,151
5138,126
5139,113
5140,164
5141,15
5142,165
5143,64
5144,135
5145,13
5146,38
5147,12
5148,89
5149,46
5150,81
5151,46
5152,15
5153,72
5154,10
5155,162
5156,98
5157,162
5158,191
5159,168
5160,35
5161,32
5162,54
5163,91
5164,157
5165,100
5166,134
5167,87
5168,138
5169,75
5170,2
5171,127
5172,141
5173,103
5174,17
5175,114
5176,62
5177,174
5178,112
5179,93
5180,180
5181,115
5182,20
5183,154
5184,191
5185,115
5186,60
5187,146
5188,140
5189,73
5190,51
5191,190
5192,180
5193,113
5194,160
5195,51
5196,21
5197,46
5198,162
5199,89
5200,47
5201,116
5202,76
5203,95
5204,93
5205,26
5206,14
5207,193
5208,1
5209,77
5210,152
5211,76
5212,52
5213,120
5214,159
5215,48
5216,120
5217,141
5218,181
5219,114
5220,44
5221,154
5222,14
5223,82
5224,105
5225,108
5226,55
5227,41
5228,170
5229,25
5230,92
5231,175
5232,178
5233,28
5234,180
5235,0
5236,52
5237,147
5238,82
5239,20
5240,55
5241,5
5242,188
5243,116
5244,13
5245,53
5246,107
5247,142
5248,63
5249,166
5250,174
5251,28
5252,166
5253,107
5254,142
5255,97
5256,198
5257,98
5258,77
5259,126
5260,172
5261,174
5262,84
5263,128
5264,59
5265,163
5266,10
5267,27
5268,84
5269,90
5270,108
5271,99
5272,171
5273,176
5274,88
5275,125
5276,164
5277,111
5278,21
5279,11
5280,54
5281,18
5282,148
5283,23
5284,44
5285,66
5286,83
5287,197
5288,113
5289,131
5290,197
5291,26
5292,55
5293,190
5294,141
5295,7
5296,109
5297,143
5298,175
5299,59
5300,140
5301,55
5302,183
5303,193
5304,80
5305,0
5306,6
5307,23
5308,37
5309,185
5310,130
5311,60
5312,48
5313,106
5314,184
5315,138
5316,5
5317,35
5318,134
5319,118
5320,102
5321,112
5322,72
5323,121
5324,150
5325,88
5326,29
5327,145
5328,28
5329,115
5330,27
5331,83
5332,132
5333,113
5334,186
5335,174
5336,49
5337,38
5338,17
5339,178
5340,0
5341,110
5342,56
5343,184
5344,71
5345,61
5346,67
5347,67
5348,178
5349,102
5350,77
5351,148
5352,140
5353,194
5354,199
5355,130
5356,72
5357,151
5358,44
5359,35
5360,55
5361,121
5362,62
5363,130
5364,30
5365,188
5366,14
5367,31
5368,0
5369,65
5370,103
5371,131
5372,156
5373,128
5374,112
5375,73
5376,93
5377,102
5378,45
5379,104
5380,179
5381,139
5382,3
5383,166
5384,84
5385,97
5386,99
5387,55
5388,188
5389,1
5390,93
5391,80
5392,46
5393,193
5394,151
5395,87
5396,41
5397,98
5398,173
5399,60
5400,95
5401,99
5402,116
5403,142
5404,190
5405,5
5406,188
5407,183
5408,167
5409,49
5410,122
5411,0
5412,16
5413,18
5414,62
5415,42
5416,48
5417,124
5418,127
5419,128
5420,133
5421,136
5422,87
5423,104
5424,136
5425,84
5426,51
5427,150
5428,163
5429,79
5430,2
5431,149
5432,59
5433,95
5434,98
5435,2
5436,156
5437,149
5438,172
5439,119
5440,13
5441,149
5442,172
5443,94
5444,18
5445,152
5446,148
5447,8
5448,171
5449,188
5450,131
5451,57
5452,95
5453,40
5454,58
5455,9
5456,54
5457,2
5458,56
5459,121
5460,40
5461,185
5462,44
5463,59
5464,1
5465,129
5466,111
5467,1
5468,27
5469,121
5470,169
5471,40
5472,190
5473,77
5474,21
5475,129
5476,74
5477,3
5478,25
5479,199
5480,22
5481,134
5482,26
5483,49
5484,136
5485,131
5486,21
5487,86
5488,177
5489,90
5490,97
5491,194
5492,55
5493,28
5494,90
5495,162
5496,68
5497,181
5498,30
5499,17
5500,153
5501,183
5502,103
5503,109
5504,136
5505,109
5506,132
5507,71
5508,124
5509,177
5510,31
5511,103
5512,14
5513,154
5514,129
5515,173
5516,120
5517,149
5518,179
5519,50
5520,53
5521,31
5522,74
5523,70
5524,76
5525,192
5526,121
5527,2
5528,138
5529,147
5530,22
5531,55
5532,59
5533,177
5534,191
5535,121
5536,167
5537,86
5538,95
5539,167
5540,104
5541,58
5542,59
5543,139
5544,142
5545,54
5546,160
5547,108
5548,14
5549,54
5550,63
5551,115
5552,5
5553,118
5554,180
5555,132
5556,116
5557,33
5558,90
5559,183
5560,96
5561,31
5562,6
5563,32
5564,167
5565,166
5566,173
5567,104
5568,28
5569,66
5570,80
5571,150
5572,87
5573,93
5574,42
5575,180
5576,173
5577,74
5578,29
5579,12
5580,168
5581,182
5582,43
5583,162
5584,92
5585,1
5586,2
5587,135
5588,60
5589,143
5590,36
5591,175
5592,166
5593,183
5594,107
5595,0
5596,68
5597,147
5598,173
5599,193
5600,8
5601,191
5602,90
5603,179
5604,8
5605,191
5606,123
5607,87
5608,175
5609,178
5610,187
5611,49
5612,158
5613,28
5614,39
5615,136
5616,50
5617,97
5618,182
5619,179
5620,184
5621,15
5622,26
5623,113
5624,46
5625,163
5626,65
5627,5
5628,14
5629,179
5630,39
5631,40
5632,162
5633,27
5634,6
5635,136
5636,162
5637,198
5638,68
5639,184
5640,45
5641,120
5642,57
5643,67
5644,78
5645,22
5646,196
5647,165
5648,8
5649,131
5650,197
5651,59
5652,171
5653,120
5654,53
5655,169
5656,43
5657,78
5658,181
5659,98
5660,53
5661,52
5662,194
5663,121
5664,42
5665,65
5666,158
5667,78
5668,188
5669,115
5670,152
5671,86
5672,81
5673,175
5674,92
5675,89
5676,47
5677,130
5678,62
5679,92
5680,132
5681,170
5682,74
5683,73
5684,174
5685,6
5686,148
5687,0
5688,97
5689,133
5690,8
5691,180
5692,127
5693,111
5694,54
5695,28
5696,197
5697,103
5698,183
5699,164
5700,141
5701,88
5702,68
5703,170
5704,174
5705,186
5706,164
5707,184
5708,185
5709,1
5710,191
5711,111
5712,39
5713,56
5714,137
5715,28
5716,60
5717,15
5718,194
5719,165
5720,4
5721,121
5722,122
5723,163
5724,158
5725,155
5726,11
5727,74
5728,132
5729,74
5730,122
5731,24
5732,96
5733,178
5734,87
5735,98
5736,163
5737,31
5738,61
5739,10
5740,164
5741,89
5742,67
5743,56
5744,164
5745,123
5746,140
5747,169
5748,97
5749,75
5750,10
5751,67
5752,158
5753,17
5754,62
5755,197
5756,78
5757,172
5758,85
5759,103
5760,137
5761,193
5762,96
5763,195
5764,79
5765,87
5766,33
5767,37
5768,64
5769,24
5770,180
5771,71
5772,26
5773,22
5774,37
5775,103
5776,90
5777,198
5778,180
5779,131
5780,107
5781,143
5782,132
5783,153
5784,60
5785,133
5786,26
5787,103
5788,104
5789,94
5790,65
5791,190
5792,47
5793,172
5794,0
5795,80
5796,168
5797,102
5798,199
5799,70
5800,33
5801,16
5802,114
5803,185
5804,155
5805,74
5806,147
5807,172
5808,105
5809,12
5810,71
5811,140
5812,84
5813,52
5814,88
5815,96
5816,100
5817,117
5818,24
5819,46
5820,58
5821,190
5822,70
5823,154
5824,126
5825,35
5826,52
5827,102
5828,75
5829,149
5830,97
5831,85
5832,147
5833,9
5834,41
5835,7
5836,137
5837,143
5838,133
5839,80
5840,17
5841,36
5842,195
5843,174
5844,124
5845,158
5846,6
5847,21
5848,135
5849,156
5850,95
5851,9
5852,19
5853,179
5854,164
5855,170
5856,151
5857,170
5858,106
5859,63
5860,115
5861,199
5862,173
5863,182
5864,159
5865,151
5866,65
5867,99
5868,131
5869,85
5870,27
5871,64
5872,87
5873,159
5874,34
5875,197
5876,123
5877,164
5878,70
5879,110
5880,18
5881,66
5882,98
5883,31
5884,117
5885,143
5886,59
5887,81
5888,87
5889,11
5890,88
5891,150
5892,162
5893,99
5894,45
5895,105
5896,30
5897,91
5898,185
5899,84
5900,144
5901,78
5902,117
5903,66
5904,45
5905,106
5906,104
5907,112
5908,5
5909,194
5910,149
5911,19
5912,34
5913,19
5914,0
5915,91
5916,56
5917,109
5918,106
5919,182
5920,146
5921,145
5922,155
5923,162
5924,88
5925,17
5926,64
5927,122
5928,129
5929,158
5930,29
5931,78
5932,36
5933,76
5934,139
5935,44
5936,193
5937,181
5938,107
5939,33
5940,64
5941,163
5942,65
5943,53
5944,25
5945,19
5946,96
5947,62
5948,78
5949,46
5950,178
5951,151
5952,16
5953,198
5954,191
5955,127
5956,192
5957,96
5958,95
5959,94
5960,139
5961,190
5962,66
5963,59
5964,143
5965,3
5966,140
5967,131
5968,69
5969,165
5970,114
5971,55
5972,128
5973,179
5974,57
5975,35
5976,166
5977,155
5978,28
5979,35
5980,140
5981,0
5982,70
5983,187
